<?xml version="1.0" encoding="UTF-8"?>
<project-private xmlns="http://www.netbeans.org/ns/project-private/1">
    <editor-bookmarks xmlns="http://www.netbeans.org/ns/editor-bookmarks/2" lastBookmarkId="0"/>
    <open-files xmlns="http://www.netbeans.org/ns/projectui-open-files/2">
        <group>
            <file>file:/D:/Asar%20Assignment/Multi_Star_Restaurant/src/Dish_List.java</file>
            <file>file:/D:/Asar%20Assignment/Multi_Star_Restaurant/src/Table_List.java</file>
            <file>file:/D:/Asar%20Assignment/Multi_Star_Restaurant/src/Menu.java</file>
            <file>file:/D:/Asar%20Assignment/Multi_Star_Restaurant/src/Db_connect.java</file>
            <file>file:/D:/Asar%20Assignment/Multi_Star_Restaurant/src/Customer.java</file>
        </group>
    </open-files>
</project-private>
